{
  "category": {
    "accuracy": 0.9910979228486647,
    "macro_f1": 0.9911200731345374,
    "weighted_f1": 0.9911171863484548,
    "per_class": {
      "forum": {
        "precision": 0.9881305637982196,
        "recall": 0.985207100591716,
        "f1-score": 0.9866666666666667,
        "support": 338.0
      },
      "promotions": {
        "precision": 0.9970326409495549,
        "recall": 0.9970326409495549,
        "f1-score": 0.9970326409495549,
        "support": 337.0
      },
      "social_media": {
        "precision": 1.0,
        "recall": 0.9881305637982196,
        "f1-score": 0.9940298507462687,
        "support": 337.0
      },
      "spam": {
        "precision": 1.0,
        "recall": 0.9851190476190477,
        "f1-score": 0.992503748125937,
        "support": 336.0
      },
      "updates": {
        "precision": 0.9710144927536232,
        "recall": 0.9940652818991098,
        "f1-score": 0.9824046920821115,
        "support": 337.0
      },
      "verify_code": {
        "precision": 0.9911504424778761,
        "recall": 0.9970326409495549,
        "f1-score": 0.9940828402366864,
        "support": 337.0
      },
      "accuracy": 0.9910979228486647,
      "macro avg": {
        "precision": 0.9912213566632122,
        "recall": 0.9910978793012005,
        "f1-score": 0.9911200731345374,
        "support": 2022.0
      },
      "weighted avg": {
        "precision": 0.9912154865167228,
        "recall": 0.9910979228486647,
        "f1-score": 0.9911171863484548,
        "support": 2022.0
      }
    }
  },
  "important": {
    "accuracy": 0.9960435212660732,
    "precision": 0.9930555555555556,
    "recall": 0.988479262672811,
    "f1": 0.9907621247113164,
    "roc_auc": 0.9998665103483498,
    "pr_auc": 0.9995308791791093
  }
}